id,Company Name,Department,Job Title,Skill
1,Lazz,Business Development,Quality Control Specialist,Process Engineering
2,Oyoba,Training,Computer Systems Analyst III,GTK
3,Roombo,Training,Web Developer III,Juvenile Delinquency
4,Zoozzy,Services,Geological Engineer,UTRAN
5,Meembee,Research and Development,Compensation Analyst,Zmap
6,Voonder,Business Development,Technical Writer,uCOS
7,Avaveo,Services,Safety Technician IV,Lotus Domino
8,Dynabox,Marketing,Community Outreach Specialist,Functional Specifications
9,Pixonyx,Legal,Social Worker,Android SDK
10,Camido,Business Development,Executive Secretary,Kompozer
11,Kayveo,Accounting,Staff Accountant II,Small Business Development
12,Ozu,Support,Speech Pathologist,SSP
13,Fiveclub,Training,Senior Financial Analyst,RTM
14,Twitterbridge,Business Development,Senior Editor,Import
15,Tazzy,Legal,Social Worker,Small Business Development
16,Skyble,Research and Development,Biostatistician IV,Food Preparation
17,DabZ,Legal,Analog Circuit Design manager,Theatre
18,Izio,Product Management,Design Engineer,CMMI
19,Riffpath,Product Management,Statistician III,Geomatics
20,Agimba,Engineering,Technical Writer,NGOSS
21,Ntags,Product Management,Registered Nurse,RRP
22,Trudeo,Business Development,Tax Accountant,Claims Management
23,Gabspot,Support,Physical Therapy Assistant,UK Employment Law
24,Photofeed,Engineering,Chief Design Engineer,Light Rail
25,Roombo,Product Management,Senior Sales Associate,CNC Mill
26,Voolith,Human Resources,Office Assistant III,Hand-drawn Typography
27,Zoomlounge,Marketing,Quality Control Specialist,Piano Playing
28,Topiczoom,Legal,Account Executive,Working Capital Management
29,Brightbean,Business Development,Software Test Engineer I,DNV
30,Zoomcast,Product Management,Editor,DNS Server
31,Thoughtbridge,Legal,Mechanical Systems Engineer,Euroclear
32,Jaloo,Product Management,Sales Associate,KMS
33,Linklinks,Training,Office Assistant III,RHEL
34,Vipe,Sales,Nurse,OJEU
35,Dynabox,Sales,Internal Auditor,MMC
36,Zazio,Marketing,Food Chemist,Claims Handling
37,Livefish,Engineering,Technical Writer,Cisco Routers
38,Skinder,Services,Analog Circuit Design manager,UC4
39,Divape,Training,VP Quality Control,Culinary Skills
40,Skyvu,Training,Research Assistant I,IRS problem resolution
41,Rhybox,Engineering,Executive Secretary,Document Imaging
42,Yakidoo,Product Management,Community Outreach Specialist,Music Festivals
43,Centidel,Support,Geologist II,Diagnostic Ultrasound
44,Realcube,Marketing,Tax Accountant,NDA
45,Devify,Business Development,Librarian,Target Costing
46,Babbleopia,Product Management,Environmental Specialist,CTRM
47,Realcube,Sales,Account Executive,EBA
48,Blognation,Legal,Financial Analyst,ZBrush
49,Topicshots,Business Development,Structural Analysis Engineer,MSBuild
50,Gigazoom,Marketing,Programmer Analyst II,Swimming
51,Gabspot,Marketing,Tax Accountant,Kinetic Typography
52,Voonix,Accounting,Actuary,RFLP
53,Jazzy,Services,Data Coordiator,ZoomText
54,Kanoodle,Product Management,Graphic Designer,SAP Implementation
55,Flashset,Sales,Assistant Media Planner,Research
56,Realfire,Accounting,Research Associate,Dysphagia
57,Tagpad,Training,Research Associate,Uranium
58,Fliptune,Accounting,Actuary,Core Banking
59,Edgetag,Product Management,Software Engineer II,Phone Etiquette
60,Fatz,Sales,Business Systems Development Analyst,JScript
61,Avamba,Sales,VP Quality Control,Freelance Writing
62,Wikizz,Legal,Structural Engineer,DTE
63,Riffwire,Engineering,Recruiting Manager,Phase II
64,Reallinks,Sales,Engineer II,Legal Issues
65,Bubblebox,Human Resources,VP Product Management,Apache
66,Skaboo,Product Management,VP Sales,Information Architecture
67,Trudoo,Sales,Administrative Officer,DNV
68,Devshare,Services,Research Assistant I,SRDS
69,Eare,Engineering,Clinical Specialist,Iptables
70,Jabbersphere,Engineering,Administrative Assistant II,DDoS Mitigation
71,Twinder,Legal,Account Representative I,WS
72,Camimbo,Legal,Administrative Officer,Eyelash Extensions
73,Kamba,Accounting,Legal Assistant,WSS 2.0
74,Quinu,Engineering,Civil Engineer,Online Publishing
75,Riffpedia,Legal,Senior Editor,CGEIT
76,Gigabox,Business Development,Research Nurse,Pharmaceutical Industry
77,Myworks,Legal,Research Nurse,MDX
78,Jabbersphere,Sales,Desktop Support Technician,American Politics
79,Teklist,Human Resources,Financial Advisor,Agarose Gel Electrophoresis
80,Skimia,Marketing,Community Outreach Specialist,Alternative Medicine
81,Mycat,Legal,Senior Quality Engineer,PDE
82,Dabtype,Accounting,Technical Writer,Fluid Dynamics
83,Tambee,Sales,Occupational Therapist,ePolicy Orchestrator
84,Lazz,Marketing,Office Assistant I,Registered Patent Attorney
85,Trudoo,Accounting,Senior Developer,ESB
86,Tagpad,Legal,Executive Secretary,Work Very Well with Others
87,Zava,Sales,Environmental Tech,High Sense Of Urgency
88,Realcube,Support,Information Systems Manager,VSEO
89,Mynte,Legal,Nurse Practicioner,Eyewonder
90,Eazzy,Accounting,VP Sales,Localization
91,Voolia,Support,Help Desk Technician,DFMA
92,Jetwire,Training,Data Coordiator,Navigation
93,Photospace,Product Management,Compensation Analyst,TSRM
94,Riffwire,Product Management,Actuary,Visual Studio
95,Ailane,Business Development,General Manager,AWS CWI
96,Zoovu,Legal,Research Assistant II,Microbiology
97,Tagfeed,Training,Budget/Accounting Analyst IV,Brain Gym
98,Twitterwire,Legal,Media Manager II,Visio
99,Minyx,Accounting,Office Assistant II,Employee Benefits
100,Linkbuzz,Support,Pharmacist,NIR Spectroscopy
